N,average_elapsed_time,gflops
100,0.0159778,0.125174
100,0.0160184,0.124856
